Content,Link
"Our faith in the client reinforces our commitment and dedication towards creating superior processes and trendsetting changes. We continue to provide sustained savings throughout the relationship through transformation initiatives and technology-led solutions.Proxemate Technologies delivers industry and practical solutions for global insurance players. These solutions impact activities across the insurance value chain and help carriers optimize expenditure and loss ratios, bring their core business in lime light thus elevating the top-line revenue.Our Insurance practice delivers incremental value by combining technology with excellence. Our insurance platform is designed to enable clients to migrate to a variable cost structure for better dexterity and business development.",http://proxemate.com/insurance-bpo.html
,http://proxemate.com/contact.html
"Proxemate Technologies anticipated this rapid digitalization storm and has a standard framework to conduct this kind of business.We believe in blending with our clients but, yes, we do bring our inimitable touch to your processes by designing applications with optimal architecture. We apply the most suitable technology, deploy the most effective software development models and test applications in automated and manual processes. AG Technologies is not wired to simply build and wrap up; we keep the bond alive by ensuring successful installation and continuous maintenance of these systems. Our team is extensively trained in every aspect of Project Management and Software Development Lifecycle (SDLC).B2C Portals allow companies to deploy customer, consumer or community Internet sites to provide a centralized full-service starting point that can eventually be customized.B2C Portals provide the means of selling products and services to customers through shop front metaphors and provide opportunities for providing value-added relationships with customers through eCRM Solutions.B2B Portals provide a full range of web services, including applications and e-commerce support for a customized, integrated e-business hub.B2C Portals provide wide customer base to business institutions. They provide vast database, which may help to market the products directly to the targeted consumers. B2B & B2C Portals are beneficial for manufacturers, wholesellers, retailers & customers also. Development of Portals is based on information, requirment & need of particular business field.",http://proxemate.com/b2c.html
"According to Webopedia, “Enterprise resource planning (ERP) is business management software that allows an organization to use a system of integrated applications to manage the business. ERP software integrates all facets of an operation, including product planning, development, manufacturing processes, sales and marketing.With rising popularity of the ERP, software applications have emerged to help business managers implement ERP into other business activities and pass it off as a unified package.The basic goal is to provide one central repository for all information that is shared by all the various ERP facets in order to smooth the flow of data across the organization.ERP systems are still evolving as we speak, even as advances in Web services help organizations to integrate business functions and processes across the enterprise. At the same time, emerging platforms ensure that cost optimization is a priority.An ERP system covers the following common functional areas. In many ERP systems these are called and grouped together as ERP modules. Proxemate Technologies offer a variety of ERP structures across industries and domains. Our offerings are listed below:
    
    ",http://proxemate.com/erp-solutions.html
,http://proxemate.com/about.html
"Today’s customers are moving away from conservative channels to more upgraded ways in interacting with enterprises and buying products and services. To keep up with the rapidly shifting patterns in consumption, companies must provide an integrated customer experience across channels of communications. A like pattern should run through stores, call centers, websites, social networks, mobile, kiosks and interactive television.Customer is king! Their first hand experience becomes a major influencer when it comes to buying decisions, brand impression and sustainability of customer relationships. Therefore it is necessary to adapt to the dynamic market and provide superior customer experience which is critically important for the development of the enterprise.The rapid increase in the use of social media channel makes it easier for the customer to express their displeasure of a particular product or offering that failed to meet their expectation. Businesses are aware of the damages they can incur if a customer resorts to this kind of behavior for social media is prone to makes a news rampant in circles thus affecting the brand popularity. In today’s highly social networked world it’s necessary for businesses to recognize the possible prospect to build sturdy and long-lasting bonds with clients by addressing issues around customer’s satisfaction.Enterprises must anticipate the changing trends and come out in support of mobile-based strategies designed to empower their customer-facing employees, as well as on-the-move customers. At Proxemate Technologies, we structure ground-breaking CRM strategies for enterprises. We leverage our robust domain and industry know-how and association with leading CRM product vendors to ensure our clients appreciate the requirements of their clients and are able to meet their rising expectations always.",http://proxemate.com/customer-relationship-management.html
"Business Consultancy is an integral part of Proxemate Technologies. Consultancy provided by our experts is backed by extensive research and experience. Our customers are constantly guided by our strategic dexterity. Clients learn to rely on us as we anticipate, meet and exceed their expectations.At the core of every successful business is a well developed Information Technology. The application of apt IT Solutions help reduce costs, explore new business channels, upgrade customer service and give the company an edge over the competitors.Every organization needs to operate with a singular and organized Operating Model which seamlessly integrates with its working and ensures Cost Optimization to maintain efficiency.While efficiency is a virtue, it is aided by being effective. Maintaining a warm relationship with your customers and supervising the supply chain management are effective work ethics. Structuring Enterprise Resource Planning only adds to it.Although efficiency and effectiveness are values to abide by, a business must learn to be receptive of changing trends in the market. We are here to help you anticipate them!",http://proxemate.com/consulting.html
"Proxemate Technologies anticipated this rapid digitalization storm and has a standard framework to conduct this kind of business.We believe in blending with our clients but, yes, we do bring our inimitable touch to your processes by designing applications with optimal architecture. We apply the most suitable technology, deploy the most effective software development models and test applications in automated and manual processes. Proxemate Technologies is not wired to simply build and wrap up; we keep the bond alive by ensuring successful installation and continuous maintenance of these systems. Our team is extensively trained in every aspect of Project Management and Software Development Lifecycle (SDLC).An effective B2B Portal usage in your company can save Time & Money, Increase the productivity of an organization, gives a better reputation to the company about effective usage of resources.B2B Portal of your organisation helps you in, competing on equal terms with companies ten times the size of yours. You can market your company, your products and your services to worldwide audience by creating an Intranet Portal. You can project a larger picture of your organisation through this portal - creating a 'shop window' in markets that you would traditionally find difficult to target.B2B Portals provide a full range of web services, including applications and e-commerce support for a customized, integrated e-business hub.You can implement facilities like registration services, personalization services, advertisement and promotional services, build-your-own-site facilities, business analysis and reporting facilities, content management, administration and value-added services like chat, email, news, message boards, greeting cards, polls and quizzes. Hence, a web portal development solution can be put together in a matter of weeks.More than 30 percent of companies in the airline and banking industries are using portals to aggregate collaborative workspaces with Web 2.0 technologies (in the communications industry that number is less than 5 percent).By offering users easy-to-use capabilities within a cohesive experience, a portal can enable productive, purposeful collaboration. The online channel is cheaper. In fact, every $1.00 spent on a portal platform yields on average $4.80 in IT labor avoidance.3 Companies are better able to manage costs by consolidating multiple application silos into a common, Web-based delivery platform; the number of different technologies needing support and maintenance drops; processes and activities are streamlined, while projects’ lifecycles are shortened significantly.",http://proxemate.com/b2b.html
"Return on Investment (ROI) is a priority of all businesses and in dynamic business environment places it is necessary to maximize return on IT infrastructure investments. The development of this extensive assorted server, storage and network infrastructures has led to bigger operational and capital expenditures, poor risk management and low service quality. This added responsibility keeps companies from effectively supporting the changing business needs or avail to new opportunities.Today Companies are struggling with increasing IT maintenance and support costs. Moving to an optimized infrastructure environment involves understanding how to incorporate the ‘best practices’ while identifying the best suited technology. It also involves developing a detailed transformation roadmap which will help maintain business continuity even during transformation.While supervising the transformation of your enterprise through objective analytics, best practices, tested processes, we also work to reduce costs, complexity and risks.We provide infrastructure consulting across domains. Please identify your domain from the below.",http://proxemate.com/infrastructure-optimization.html
,http://proxemate.com/index.html
"Everyone is familiar with these sentences. The trying economic times ensure that we are subjected to these terms quite often. The real question here is whether what we hope to achieve is cost reduction of transparency in transactions?Cost transparency enables you to make informed decisions on where and how costs can be reduced or compromised without compromising on business transformation. You can also institutionalize a process to drive cost reduction and to measure and track those savings for use on other IT initiatives which can further aid business development.Using multiple tools and accelerators, Proxemate Technologies can help you meet cost-cutting objectives while preserving ongoing business performance.",http://proxemate.com/it-cost-optimization.html
"Be it web, social media, device/sensor or sub-transactional, each year organizations capture exponentially more data. Our big data services help you extend your data warehouse architecture to derive intelligence from the integration of “big” transactional and master data. We can help you design and implement an end-to-end data architecture that leverages Hadoop, NoSQL, high performance analytical databases, and RDBMS-driven data warehouses and marts.Proxemate Technologies supports your data science and analytics initiative by bringing resources to make your data science vision a reality. We take our intimate knowledge of data management and mix in the statistical skills you need. We approach data science in a unique, pragamatic way. Taking our BI heritage and mixing it with modern statistical techniques, you wind up with an approach that's ready to work. We can show you how to follow the steps to make your data science initiative one that will last.Get some expert help and start your BI initiative moving in the right direction. Whether you are looking for a pilot data mart implementation, in-depth expertise in Pentaho – a leading BI platform – or a full range of implementation services in a number of leading platforms and technologies, we have it covered.Beyond the classic BI infrastructures with relational databases at their core, we have expertise in the architecture and integration of the Hadoop ecosystem that includes pure Apache, Cloudera, Hortonworks and MapR. OpenBI is also an expert in the integration of NoSQL databases, like HBase, Cassandra and MongoDB that enable the real-time access and updating of big data, but have limited support for analytic reporting. And our team builds complete big data architectures including the new class of high performance analytic databases like VectorWise, Netezza, Vertica and Greenplum.",http://proxemate.com/data-analytics-business-intelligence.html
"Proxemate technologies aide’s clients in optimizing their Global Indirect Materials & Services Procurement function. Through our effective management model we manage to provide considerable savings for our customers.Our extensive capabilities across Sourcing & Procurement, Accounts Payable, Order Management and Human Resource Operations coupled with our strong value system have proven to be very beneficial for customers.We offer our associates the platform to grow their support model spanning an entire life cycle, optimally and at pace most suited to them.Flexibility has always been our virtue which helps us stand afloat in the face of the constantly changing environment and needs of our customers. We build strong configurable processes, governance mechanisms, technology assets and commercial models which help us ensure that best practices from our many engagements are leveraged.In a competitive marketplace, businesses with in-house procurement find the process becoming increasingly complex not to mention expensive. For efficient procurement one needs to possess native category knowledge, formulate category strategy and build relationships with other organizational functions. Other intricate activities such as negotiations and supplier management are important as well. In such a scenario, organizations should focus on their core activities and partner with procurement BPO companies for managing their source-to-pay cycle.",http://proxemate.com/procurement-bpo.html
"Our team of business and technical consultants, including PhDs, MDs, technical architects, developers, business process consultants, and project managers is here at your service! To add to the expertise, our hands-on experience in business processes and IT systems of health insurance providers (payor) and healthcare providers keeps us well equipped to handle the health administration BPO.Universal Delivery Model:With offices pitched on the opposite end of the world, we can assure delivery of healthcare processes from a network of delivery centers around the globe.People Management Practices:We hire world-class talent, and provide them with continuous training while engaging them in initiatives which enable them to take up their roles seriously.Healthcare Training:Our BPO is home to extensive knowledge of IT systems and business processes of healthcare companies.",http://proxemate.com/health-administration.html
"Business’ across the globe are now increasingly embracing outsourcing a variety of processes. While the major reason remains significant cost-saving, Business Process Outsourcing (BPO) also aids business development and nurtures innovation.Proxemate Technologies BPO supports its clients in creating and changing their business processes. We leverage our innovative technologies, first class processes and integrated global delivery network to deliver intended outcomes. As stated before, once you have decided to join hands with us, we are a family. Collaboration is our work ethic. We work closely with your, understand your working and bring in our special touch; proven models to each client’s unique requirements and culture.",http://proxemate.com/business-process-outsourcing.html
"Proxemate Technologies provides unsurpassed Business Process Outsourcing (BPO) services to clients.Flexibility being our key virtue, the sole purpose of Proxemate Technologies is to blend in the client’s preferred engagement model and adapt their software development methodology. We are aware that our clients are unique and come with their set of philosophies, goals, values and technological styles. This understanding leads us to work in a highly productive environment, an outcome of trust and co-ordination.We add the human touch to your business. Our process resources are equipped to work in multiple domains and around the clock. We promise the best.",http://proxemate.com/transforming-outsourcing.html
"Proxemate Technologies employs a wide range of resources from multiple cultural backgrounds. In such a varied set up, respect is requisite and individuality is celebrated!We hone your goals with our vision and assure a fruitful career at Proxemate Technologies. Work is worship but enjoying what you do is progressive. We motivate our employees to defy the norms and give their best shot.Yes, we do celebrate the uniqueness you bring to work but we cherish team work. All individual contributions adding to a splendid team are duly rewarded and celebrated to promote a healthy work-life balance.With offices pitched on the opposite sides of the globe, namely USA and India, we offer an excellent scope to work in an international environment. If you are ready to go that extra mile and deliver unparallel results, we are sure to send you travelling miles!We, at Proxemate Technologies operate in stark opposite time zones. Our company is home to a variety of employees which makes it a melting pot of cultures and talent.Once you are a part of our family, you will have the opportunity to work alongside the best minds in the industry; people who have carved a niche for themselves in the field of IT and Business.As a leading provider of Information Technology Services and Solutions, we are sure to bring a multitude of global opportunities in your plate. Soar with us!",http://proxemate.com/careers.html
"With a variety of professionals operating from two locations pitched on the opposite end of the globe, our Finance and Accounting (F&A) practice can take charge of your most complex processes. Our performance has been acknowledged and appreciated by many a analyst firms.We implement an outsourced delivery model that is innovative and takes a 360 degrees view. We help by creating a steady F&A function with innovative, compliant, and transparent accounting practices. Our capabilities and services are dedicated to ensuring the best for your company.",http://proxemate.com/finance-and-accounting.html
"We add the human touch to your business. Our process resources are equipped to work in multiple domains and around the clock. We promise the best.Flexibility being our key virtue, the sole purpose of Proxemate Technologies is to blend in the client’s preferred engagement model and adapt their software development methodology. We are aware that our clients are unique and come with their set of philosophies, goals, values and technological styles. This understanding leads us to work in a highly productive environment, an outcome of trust and co-ordination.",http://proxemate.com/outsourcing.html
,http://proxemate.com/clients.html
"Proxemate Technologies anticipated this rapid digitalization storm and has a standard framework to conduct this kind of business.We believe in blending with our clients but, yes, we do bring our inimitable touch to your processes by designing applications with optimal architecture. We apply the most suitable technology, deploy the most effective software development models and test applications in automated and manual processes. Proxemate Technologies is not wired to simply build and wrap up; we keep the bond alive by ensuring successful installation and continuous maintenance of these systems. Our team is extensively trained in every aspect of Project Management and Software Development Lifecycle (SDLC).We cater to all forms of E-Business’. To help you evaluate if your business comes under our scanner or not, we have listed the forms of E-business’ we build for.Our electronic business modules enable companies to link their external and internal data processing system, which help in organizing data and increase flexibility. We offer our services in ensuring technical standards for e-business like data transitions, and also provide software solutions which felicitate the integration of intra and inter firm business processes.Our technical framework is designed to guarantee a smoother user interface by creating an efficient backend process.",http://proxemate.com/e-business.html
"In this fast paced environment, where every day is a new surprise, enterprises expect a thorough commitment from their outsourcing providers. Apart from the deep set of skills and IT savings these providers bring to the business, they are also expected to add onus to the Business Development of the company.Our deep commitment and experienced set of employees bring a wide range of Application Outsourcing Services to your doorstep. Proxemate Technologies works towards constantly incorporating the fast updating standard services innovations such as Cloud, Mobility and Analytics. Our Application Development Services sees you through:",http://proxemate.com/application-outsourcing.html
"Proxemate Technologies (PT) dedicated to using the Microsoft platform to help enterprises achieve profitable growth. Through proven solutions that extend Microsoft products, Proxemate Technologies helps enterprises increase revenue, reduce costs, and reinvest in innovation to gain competitive advantage.PT has come up with an innovative way to manage IT investments by supporting novel, improved architecture, and robust process standard.IT as an important leader of a business strategy and the optimization of it will allow the company to adapt quickly to rapidly changing business environments, as well as avail to new business opportunities and markets. Adapting a new operating model helps enable a closer partnership between IT and the business, and facilitates a flexible IT architecture and processes. This model works across levels to plan and fund new IT projects. It helps deliver business capabilities to support new and altering business demands while building a more responsive and dependable architecture.",http://proxemate.com/it-operating-model.html
"Traditionally, marketing, distribution, planning, manufacturing, and the purchasing organizations along the supply chain operated independently. These organizations have their own objectives and these are often conflicting. Marketing's objective of high customer service and maximum sales dollars conflict with manufacturing and distribution goals. Many manufacturing operations are designed to maximize throughput and lower costs with little consideration for the impact on inventory levels and distribution capabilities. Purchasing contracts are often negotiated with very little information beyond historical buying patterns. The result of these factors is that there is not a single, integrated plan for the organization---there were as many plans as businesses. Clearly, there is a need for a mechanism through which these different functions can be integrated together. Supply chain management is a strategy through which such an integration can be achieved.",http://proxemate.com/supply-chain-management.html
"Everyone wants a bit of the Cloud to profit from the scalability, responsiveness and cost efficiencies that Cloud Computing offers. To surrender to the world of cloud is a significant enterprise undertaking that has a long term impact on operations of IT organizations and also the means of delivering services to business users. A 360 degrees transformation is in order if a business wished to adapt to the cloud architecture. Your current human resource skills sets, processes and technologies are all under scanner.Our Cloud Advisory Services will develop an overall Cloud Computing strategy for your enterprise, an intricate cost-effective analysis which can be implemented across all sectors of your company. Our strategy ensures that there is an edge in all your process as well as Cost Optimization which does not affect Return on Investment.We offer end-to-end Cloud Computing services with strategic consulting. Our highly structured approach understands your business needs, helping us lay the perfect technology infrastructure and then deploy cloud computing components to promise to reduce costs, enhance dexterity, provide quick service delivery and improve scalability.",http://proxemate.com/cloud-advisory-services.html
,http://proxemate.com/infrastructure-outsourcing.html
